{
    "accuracy": 0.8237147177419355,
    "loss": 0.3825796054255578
}