{
    "accuracy": 0.8192414314516129,
    "loss": 0.3871099549916483
}