{
    "accuracy": 0.8198084677419355,
    "loss": 0.38509481616558566
}