{
    "accuracy": 0.8422379032258065,
    "loss": 0.3509576359102803
}