{
    "accuracy": 0.8005292338709677,
    "loss": 0.4189080648845242
}