{
    "accuracy": 0.7948588709677419,
    "loss": 0.42581150368336707
}