{
    "accuracy": 0.8018523185483871,
    "loss": 0.4203943619804998
}