{
    "accuracy": 0.799875,
    "loss": 0.4190304219722748
}