{
    "accuracy": 0.7854082661290323,
    "loss": 0.44010963074622617
}