{
    "accuracy": 0.7860383064516129,
    "loss": 0.4455292229690859
}