{
    "accuracy": 0.7866683467741935,
    "loss": 0.4406262809230435
}