{
    "accuracy": 0.9068170362903226,
    "loss": 0.22150956574947603
}