{
    "accuracy": 0.908203125,
    "loss": 0.22493974167493083
}