{
    "accuracy": 0.87525,
    "loss": 0.28634983593225477
}