{
    "accuracy": 0.874875,
    "loss": 0.28922532910108567
}