{
    "accuracy": 0.8251302083333333,
    "loss": 0.37773543993631997
}