{
    "accuracy": 0.8263020833333333,
    "loss": 0.3770677347977956
}