{
    "accuracy": 0.8242838541666667,
    "loss": 0.37706767320632933
}