{
    "accuracy": 0.937703125,
    "loss": 0.15475762667506934
}