{
    "accuracy": 0.938609375,
    "loss": 0.15478692622482776
}