{
    "accuracy": 0.938671875,
    "loss": 0.15454667429625987
}