{
    "accuracy": 0.814125,
    "loss": 0.4138631628751755
}