{
    "accuracy": 0.80775,
    "loss": 0.41206153708696364
}