{
    "accuracy": 0.7640625,
    "loss": 0.4774011492729187
}