{
    "accuracy": 0.7858072916666666,
    "loss": 0.4456796069939931
}