{
    "accuracy": 0.8232421875,
    "loss": 0.3799598693847656
}