{
    "accuracy": 0.8212890625,
    "loss": 0.3816543102264404
}