{
    "accuracy": 0.75078125,
    "loss": 0.5046647727489472
}