{
    "accuracy": 0.7534505208333333,
    "loss": 0.5007326980431874
}