{
    "accuracy": 0.93715625,
    "loss": 0.15621346898376942
}