{
    "accuracy": 0.9373125,
    "loss": 0.1575078295469284
}