{
    "accuracy": 0.8118489583333334,
    "loss": 0.4171146770318349
}