{
    "accuracy": 0.8083333333333333,
    "loss": 0.42044562300046284
}