{
    "accuracy": 0.8080078125,
    "loss": 0.4197653273741404
}