{
    "accuracy": 0.791796875,
    "loss": 0.43297699888547264
}