{
    "accuracy": 0.9065650201612904,
    "loss": 0.22043854454832693
}