{
    "accuracy": 0.7887369791666666,
    "loss": 0.43241037130355836
}