{
    "accuracy": 0.7884114583333334,
    "loss": 0.4366019666194916
}