{
    "accuracy": 0.7874243951612904,
    "loss": 0.4376081997348416
}