{
    "accuracy": 0.7920866935483871,
    "loss": 0.4305486698304453
}