{
    "accuracy": 0.7874243951612904,
    "loss": 0.43804325499842245
}