{
    "accuracy": 0.7882434475806451,
    "loss": 0.4332866793678653
}