{
    "accuracy": 0.92825,
    "loss": 0.18351472237706185
}