{
    "accuracy": 0.928125,
    "loss": 0.1826752394735813
}