{
    "accuracy": 0.92728125,
    "loss": 0.1801652082502842
}