{
    "accuracy": 0.7856119791666667,
    "loss": 0.4453513483206431
}