{
    "accuracy": 0.794125,
    "loss": 0.4260497226715088
}