{
    "accuracy": 0.805875,
    "loss": 0.41558687543869016
}