{
    "accuracy": 0.8233125,
    "loss": 0.38367675775289534
}