{
    "accuracy": 0.800625,
    "loss": 0.4191485843062401
}