{
    "accuracy": 0.8014375,
    "loss": 0.42022602653503416
}