{
    "accuracy": 0.9170625,
    "loss": 0.20357072716951372
}