{
    "accuracy": 0.9174375,
    "loss": 0.2043287289738655
}