{
    "accuracy": 0.8046875,
    "loss": 0.41355293583869934
}