{
    "accuracy": 0.8069375,
    "loss": 0.41141480684280396
}