{
    "accuracy": 0.80975,
    "loss": 0.41355866837501526
}