{
    "accuracy": 0.8156502016129032,
    "loss": 0.3994274629700568
}