{
    "accuracy": 0.8184853830645161,
    "loss": 0.39420845816212313
}