{
    "accuracy": 0.8152091733870968,
    "loss": 0.39803987837606863
}