{
    "accuracy": 0.8081380208333333,
    "loss": 0.4022986352443695
}