{
    "accuracy": 0.8079007056451613,
    "loss": 0.42783529335452664
}