{
    "accuracy": 0.8044984879032258,
    "loss": 0.4272604132852247
}