{
    "accuracy": 0.8045614919354839,
    "loss": 0.4272607382266752
}