{
    "accuracy": 0.9359375,
    "loss": 0.16051466320455074
}