{
    "accuracy": 0.93275,
    "loss": 0.1649647409617901
}