{
    "accuracy": 0.93340625,
    "loss": 0.1646869901716709
}