{
    "accuracy": 0.8163125,
    "loss": 0.3947040864229202
}