{
    "accuracy": 0.820875,
    "loss": 0.3902075312137604
}