{
    "accuracy": 0.8164375,
    "loss": 0.39470642125606537
}