{
    "accuracy": 0.9361875,
    "loss": 0.15957000476121902
}