{
    "accuracy": 0.9395625,
    "loss": 0.1523248428553343
}