{
    "accuracy": 0.93884375,
    "loss": 0.1516424383968115
}