{
    "accuracy": 0.9386875,
    "loss": 0.15170606251060964
}