{
    "accuracy": 0.93121875,
    "loss": 0.17610091373324394
}