{
    "accuracy": 0.931625,
    "loss": 0.17091851171851158
}