{
    "accuracy": 0.93115625,
    "loss": 0.17394079300761223
}