{
    "accuracy": 0.8101058467741935,
    "loss": 0.4080118729222205
}