{
    "accuracy": 0.8092237903225806,
    "loss": 0.4077703943175654
}