{
    "accuracy": 0.7909505208333333,
    "loss": 0.4288700024286906
}