{
    "accuracy": 0.79140625,
    "loss": 0.43250898520151776
}