{
    "accuracy": 0.91025,
    "loss": 0.22140466260910036
}