{
    "accuracy": 0.9093125,
    "loss": 0.2222040950059891
}