{
    "accuracy": 0.8004662298387096,
    "loss": 0.41415468338997136
}