{
    "accuracy": 0.7878024193548387,
    "loss": 0.4331609241424068
}