{
    "accuracy": 0.8112399193548387,
    "loss": 0.39898655251149207
}