{
    "accuracy": 0.8317162298387096,
    "loss": 0.36952836378928156
}