{
    "accuracy": 0.827179939516129,
    "loss": 0.3706273340409802
}