{
    "accuracy": 0.7919921875,
    "loss": 0.43309287826220194
}