{
    "accuracy": 0.8936875,
    "loss": 0.2528446410894394
}