{
    "accuracy": 0.8055625,
    "loss": 0.40893234264850614
}