{
    "accuracy": 0.8138230846774194,
    "loss": 0.3943448066711426
}