{
    "accuracy": 0.8180443548387096,
    "loss": 0.39225220872509864
}