{
    "accuracy": 0.813508064516129,
    "loss": 0.40039430799022796
}