{
    "accuracy": 0.8130670362903226,
    "loss": 0.4003293370046923
}