{
    "accuracy": 0.8182963709677419,
    "loss": 0.3974160417433708
}