{
    "accuracy": 0.8958125,
    "loss": 0.2526044816970825
}