{
    "accuracy": 0.7702872983870968,
    "loss": 0.46743353432224644
}