{
    "accuracy": 0.8416875,
    "loss": 0.34562774020433423
}