{
    "accuracy": 0.8040364583333334,
    "loss": 0.4403585950533549
}