{
    "accuracy": 0.8000651041666667,
    "loss": 0.44110769033432007
}