{
    "accuracy": 0.800125,
    "loss": 0.42001556634902953
}