{
    "accuracy": 0.8307711693548387,
    "loss": 0.3699714079979927
}