{
    "accuracy": 0.8355594758064516,
    "loss": 0.36392796327990873
}