{
    "accuracy": 0.93484375,
    "loss": 0.16590129126608372
}