{
    "accuracy": 0.70871875,
    "loss": 1.1914457721710205
}