{
    "accuracy": 0.93440625,
    "loss": 0.16443329960107803
}