{
    "accuracy": 0.6206875,
    "loss": 0.6487100224494934
}