{
    "accuracy": 0.809601814516129,
    "loss": 0.4203246485802435
}