{
    "accuracy": 0.810546875,
    "loss": 0.4199648787898402
}