{
    "accuracy": 0.8077746975806451,
    "loss": 0.41737457244626935
}