{
    "accuracy": 0.7721875,
    "loss": 0.499787969827652
}