{
    "accuracy": 0.772625,
    "loss": 0.4998837103843689
}