{
    "accuracy": 0.7734375,
    "loss": 0.5008044338226318
}