{
    "accuracy": 0.7973307291666667,
    "loss": 0.42080151637395224
}