{
    "accuracy": 0.8013020833333333,
    "loss": 0.416569850842158
}