{
    "accuracy": 0.93465625,
    "loss": 0.16370314382761716
}