{
    "accuracy": 0.8388125,
    "loss": 0.36496600770950316
}