{
    "accuracy": 0.83775,
    "loss": 0.35763414478302
}