{
    "accuracy": 0.7855342741935484,
    "loss": 0.43872730674282195
}