{
    "accuracy": 0.7815650201612904,
    "loss": 0.44734044036557596
}