{
    "accuracy": 0.786164314516129,
    "loss": 0.4388261072097286
}