{
    "accuracy": 0.9323425,
    "loss": 0.16833500149011613
}