{
    "accuracy": 0.93214,
    "loss": 0.16832425025463105
}