{
    "accuracy": 0.93625,
    "loss": 0.15820689797401427,
    "auc": 0.9842480732659393,
    "test_bg_reject": Infinity
}