{
    "accuracy": 0.7796748991935484,
    "loss": 0.44887751725412184
}