{
    "accuracy": 0.7799899193548387,
    "loss": 0.44924197850688813
}