{
    "accuracy": 0.841625,
    "loss": 0.34553567093610765
}