{
    "accuracy": 0.7971900201612904,
    "loss": 0.42492154432881263
}