{
    "accuracy": 0.9211875,
    "loss": 0.19522640693187715
}