{
    "accuracy": 0.9215625,
    "loss": 0.19888006314635276
}