{
    "accuracy": 0.5399999999999999,
    "loss": 0.690423133969307
}