{
    "accuracy": 0.9156875,
    "loss": 0.20708861076831817
}