{
    "accuracy": 0.9163125,
    "loss": 0.2057789853811264
}