{
    "accuracy": 0.9354375,
    "loss": 0.1591559163928032
}