{
    "accuracy": 0.93575,
    "loss": 0.15920932064950466
}