{
    "accuracy": 0.8048765120967742,
    "loss": 0.4133927197225632
}