{
    "accuracy": 0.8093497983870968,
    "loss": 0.40657213426405386
}