{
    "accuracy": 0.8063151041666666,
    "loss": 0.4162963430086772
}