{
    "accuracy": 0.8081380208333333,
    "loss": 0.4144719501336416
}