{
    "accuracy": 0.805859375,
    "loss": 0.4162294069925944
}