{
    "accuracy": 0.94235,
    "loss": 0.1443248892068863
}