{
    "accuracy": 0.942725,
    "loss": 0.14254142054518062
}