{
    "accuracy": 0.813671875,
    "loss": 0.40650138854980467
}