{
    "accuracy": 0.8131510416666666,
    "loss": 0.40617008606592814
}