{
    "accuracy": 0.8118489583333334,
    "loss": 0.4049674610296885
}