{
    "accuracy": 0.814625,
    "loss": 0.4162705135345459
}