{
    "accuracy": 0.817625,
    "loss": 0.41504446482658386
}