{
    "accuracy": 0.8053805443548387,
    "loss": 0.4363502432261744
}