{
    "accuracy": 0.8060735887096774,
    "loss": 0.4368626883914394
}