{
    "accuracy": 0.7848307291666666,
    "loss": 0.443118945757548
}