{
    "accuracy": 0.7849609375,
    "loss": 0.44313077131907147
}