{
    "accuracy": 0.938390625,
    "loss": 0.15323398396372795
}