{
    "accuracy": 0.929875,
    "loss": 0.18113246914744377
}