{
    "accuracy": 0.92990625,
    "loss": 0.1811134576499462
}