{
    "accuracy": 0.799773185483871,
    "loss": 0.4461598809688322
}