{
    "accuracy": 0.8004032258064516,
    "loss": 0.444991204046434
}