{
    "accuracy": 0.8002772177419355,
    "loss": 0.43689887658242255
}