{
    "accuracy": 0.7915364583333333,
    "loss": 0.4293791751066844
}