{
    "accuracy": 0.791796875,
    "loss": 0.4296373208363851
}