{
    "accuracy": 0.7721144153225806,
    "loss": 0.4647988321319703
}