{
    "accuracy": 0.7723034274193549,
    "loss": 0.46494113053044966
}