{
    "accuracy": 0.8053175403225806,
    "loss": 0.4093606875788781
}