{
    "accuracy": 0.8050025201612904,
    "loss": 0.4093526885394127
}