{
    "accuracy": 0.8145833333333333,
    "loss": 0.39659839669863384
}