{
    "accuracy": 0.814453125,
    "loss": 0.39654945731163027
}