{
    "accuracy": 0.8166666666666667,
    "loss": 0.3933912515640259
}