{
    "accuracy": 0.50003125,
    "loss": 13.814647026062012
}