{
    "accuracy": 0.5000651041666667,
    "loss": 13.813711738586425
}