{
    "accuracy": 0.498828125,
    "loss": 13.847890790303548
}