{
    "accuracy": 0.7970010080645161,
    "loss": 0.4820870766716619
}