{
    "accuracy": 0.7954889112903226,
    "loss": 0.5245312130258929
}