{
    "accuracy": 0.7962449596774194,
    "loss": 0.4944689408425362
}