{
    "accuracy": 0.7922757056451613,
    "loss": 0.4305932762161378
}