{
    "accuracy": 0.7934097782258065,
    "loss": 0.4266778682508776
}