{
    "accuracy": 0.843375,
    "loss": 0.34555028069019317
}