{
    "accuracy": 0.7981980846774194,
    "loss": 0.42149252901154177
}