{
    "accuracy": 0.7980720766129032,
    "loss": 0.421486382042208
}