{
    "accuracy": 0.80625,
    "loss": 0.42208799976110456
}