{
    "accuracy": 0.805625,
    "loss": 0.42712359356880186
}