{
    "accuracy": 0.8070625,
    "loss": 0.42313294488191605
}