{
    "accuracy": 0.92609375,
    "loss": 0.18639808103442193
}