{
    "accuracy": 0.92696875,
    "loss": 0.17884502533078195
}