{
    "accuracy": 0.9268125,
    "loss": 0.17901469534635545
}