{
    "accuracy": 0.92996875,
    "loss": 0.17463835951685905
}