{
    "accuracy": 0.931925,
    "loss": 0.16808801355481148
}