{
    "accuracy": 0.932015,
    "loss": 0.16802562784194947
}