{
    "accuracy": 0.9380000000000001,
    "loss": 0.158183316886425,
    "auc": 0.984175758182364,
    "test_bg_reject": 1940.0
}