{
    "accuracy": 0.80575,
    "loss": 0.40921603608131407
}