{
    "accuracy": 0.8010625,
    "loss": 0.4138745121955872
}