{
    "accuracy": 0.8180625,
    "loss": 0.39029325485229494
}