{
    "accuracy": 0.820375,
    "loss": 0.3897715380191803
}