{
    "accuracy": 0.79575,
    "loss": 0.44074664092063903
}