{
    "accuracy": 0.79625,
    "loss": 0.4464976264238358
}