{
    "accuracy": 0.8014322916666666,
    "loss": 0.41721211075782777
}