{
    "accuracy": 0.8013125,
    "loss": 0.41669600397348405
}