{
    "accuracy": 0.8016875,
    "loss": 0.41684764832258225
}