{
    "accuracy": 0.797875,
    "loss": 0.42042610681056974
}