{
    "accuracy": 0.93553125,
    "loss": 0.16063598829507827
}