{
    "accuracy": 0.7953125,
    "loss": 0.42632554221153257
}