{
    "accuracy": 0.7924375,
    "loss": 0.4291636691093445
}