{
    "accuracy": 0.927375,
    "loss": 0.17914322859048842
}