{
    "accuracy": 0.9295625,
    "loss": 0.17506884583830834
}