{
    "accuracy": 0.8319661458333333,
    "loss": 0.3651581307252248
}