{
    "accuracy": 0.8352864583333334,
    "loss": 0.3622978071371714
}