{
    "accuracy": 0.8005208333333333,
    "loss": 0.4179300248622894
}