{
    "accuracy": 0.80234375,
    "loss": 0.41831071972846984
}