{
    "accuracy": 0.9393125,
    "loss": 0.152519920617342
}