{
    "accuracy": 0.938453125,
    "loss": 0.15313171357661487
}