{
    "accuracy": 0.8053175403225806,
    "loss": 0.424715758812043
}