{
    "accuracy": 0.8035534274193549,
    "loss": 0.42591307432420794
}