{
    "accuracy": 0.8040574596774194,
    "loss": 0.42659851091523326
}