{
    "accuracy": 0.7971875,
    "loss": 0.42401804876327515
}