{
    "accuracy": 0.7998125,
    "loss": 0.41896990847587584
}