{
    "accuracy": 0.5000625,
    "loss": 13.813783561706543
}