{
    "accuracy": 0.8144375,
    "loss": 0.4298138742446899
}