{
    "accuracy": 0.8103125,
    "loss": 0.43057186555862426
}