{
    "accuracy": 0.8101875,
    "loss": 0.43057628560066225
}