{
    "accuracy": 0.7891927083333333,
    "loss": 0.43699008027712505
}