{
    "accuracy": 0.7910807291666667,
    "loss": 0.43274404207865397
}