{
    "accuracy": 0.92946875,
    "loss": 0.17907838770747184
}