{
    "accuracy": 0.92703125,
    "loss": 0.18456362465023995
}