{
    "accuracy": 0.9290625,
    "loss": 0.180448258921504
}