{
    "accuracy": 0.847625,
    "loss": 0.33356785625219343
}