{
    "accuracy": 0.850875,
    "loss": 0.3320381608605385
}