{
    "accuracy": 0.8218876008064516,
    "loss": 0.3884323825759272
}