{
    "accuracy": 0.8176033266129032,
    "loss": 0.3918495601223361
}