{
    "accuracy": 0.8170362903225806,
    "loss": 0.39147344327742056
}