{
    "accuracy": 0.8044921875,
    "loss": 0.41164122223854066
}