{
    "accuracy": 0.90925,
    "loss": 0.22068303751945495
}