{
    "accuracy": 0.9324375,
    "loss": 0.17020994380116464
}