{
    "accuracy": 0.815125,
    "loss": 0.39286496114730834
}