{
    "accuracy": 0.81875,
    "loss": 0.3899957948923111
}