{
    "accuracy": 0.8193125,
    "loss": 0.3903776087760925
}