{
    "accuracy": 0.8159375,
    "loss": 0.41205529755353926
}