{
    "accuracy": 0.82025,
    "loss": 0.407602609872818
}