{
    "accuracy": 0.816125,
    "loss": 0.41206455147266385
}