{
    "accuracy": 0.8130670362903226,
    "loss": 0.40519757376563165
}