{
    "accuracy": 0.8119959677419355,
    "loss": 0.40481309736928633
}