{
    "accuracy": 0.8146421370967742,
    "loss": 0.4089079850143002
}