{
    "accuracy": 0.8023125,
    "loss": 0.42144922316074374
}