{
    "accuracy": 0.803375,
    "loss": 0.4242830808162689
}