{
    "accuracy": 0.8024375,
    "loss": 0.42259743946790695
}