{
    "accuracy": 0.8394027217741935,
    "loss": 0.3517208570434201
}