{
    "accuracy": 0.80225,
    "loss": 0.4111096043586731
}