{
    "accuracy": 0.808375,
    "loss": 0.4063773353099823
}