{
    "accuracy": 0.831125,
    "loss": 0.3699046531319618
}