{
    "accuracy": 0.8338125,
    "loss": 0.37333264791965487
}