{
    "accuracy": 0.8137600806451613,
    "loss": 0.4006323078947683
}