{
    "accuracy": 0.8094128024193549,
    "loss": 0.40476911058348997
}