{
    "accuracy": 0.8073125,
    "loss": 0.40699207282066346
}