{
    "accuracy": 0.8101875,
    "loss": 0.40302388405799866
}