{
    "accuracy": 0.7996875,
    "loss": 0.4471183211803436
}