{
    "accuracy": 0.797375,
    "loss": 0.4447192258834839
}