{
    "accuracy": 0.813625,
    "loss": 0.3952690685987473
}