{
    "accuracy": 0.8098538306451613,
    "loss": 0.414951094215916
}