{
    "accuracy": 0.8111769153225806,
    "loss": 0.41609091816409943
}