{
    "accuracy": 0.8086567540322581,
    "loss": 0.41185551593380587
}