{
    "accuracy": 0.8142641129032258,
    "loss": 0.3970029104140497
}