{
    "accuracy": 0.8145791330645161,
    "loss": 0.3977919470879339
}