{
    "accuracy": 0.8182333669354839,
    "loss": 0.3964023128632576
}