{
    "accuracy": 0.814875,
    "loss": 0.39173848009109496
}