{
    "accuracy": 0.816125,
    "loss": 0.39280780696868894
}