{
    "accuracy": 0.8111875,
    "loss": 0.4098102693557739
}