{
    "accuracy": 0.828125,
    "loss": 0.3665228120088577
}