{
    "accuracy": 0.8345625,
    "loss": 0.3666281824111938
}