{
    "accuracy": 0.9375,
    "loss": 0.1599120832979679,
    "auc": 0.9836940746672005,
    "test_bg_reject": 1940.0
}