{
    "accuracy": 0.932285,
    "loss": 0.16820372133135797
}