{
    "accuracy": 0.932275,
    "loss": 0.1681351053762436
}