{
    "accuracy": 0.7811197916666667,
    "loss": 0.44613144795099896
}