{
    "accuracy": 0.8313151041666667,
    "loss": 0.3635205904642741
}