{
    "accuracy": 0.8313802083333334,
    "loss": 0.3640460729598999
}