{
    "accuracy": 0.8303385416666667,
    "loss": 0.36338563561439513
}