{
    "accuracy": 0.937609375,
    "loss": 0.1528634978532791
}