{
    "accuracy": 0.937703125,
    "loss": 0.1528592446297407
}