{
    "accuracy": 0.93565625,
    "loss": 0.16067711213231087
}