{
    "accuracy": 0.9021875,
    "loss": 0.2399824765920639
}