{
    "accuracy": 0.831375,
    "loss": 0.3748805116415024
}