{
    "accuracy": 0.8300625,
    "loss": 0.3754420516490936
}