{
    "accuracy": 0.67375,
    "loss": 0.6013916161060333
}