{
    "accuracy": 0.778351814516129,
    "loss": 0.45327852522173234
}