{
    "accuracy": 0.910875,
    "loss": 0.22232613229751588
}