{
    "accuracy": 0.7990234375,
    "loss": 0.42756296594937643
}