{
    "accuracy": 0.8033203125,
    "loss": 0.4278498808542887
}