{
    "accuracy": 0.7997395833333333,
    "loss": 0.428692881266276
}