{
    "accuracy": 0.9361875,
    "loss": 0.15846739526465536
}