{
    "accuracy": 0.936265625,
    "loss": 0.15918455438502133
}