{
    "accuracy": 0.8097908266129032,
    "loss": 0.40391030523084825
}