{
    "accuracy": 0.806125,
    "loss": 0.4341100389957428
}