{
    "accuracy": 0.8061875,
    "loss": 0.43417540431022644
}