{
    "accuracy": 0.939765625,
    "loss": 0.149973053522408
}