{
    "accuracy": 0.939140625,
    "loss": 0.15176321238279342
}