{
    "accuracy": 0.9279375,
    "loss": 0.17697326393425464
}