{
    "accuracy": 0.9273125,
    "loss": 0.180364112585783
}