{
    "accuracy": 0.92846875,
    "loss": 0.1783108425140381
}