{
    "accuracy": 0.8082787298387096,
    "loss": 0.41768756701100257
}