{
    "accuracy": 0.8106728830645161,
    "loss": 0.4215758721674642
}