{
    "accuracy": 0.8114289314516129,
    "loss": 0.41941856232381636
}