{
    "accuracy": 0.8140625,
    "loss": 0.40513942843675615
}