{
    "accuracy": 0.93325,
    "loss": 0.16633641082048417
}