{
    "accuracy": 0.934625,
    "loss": 0.16325914433598518
}