{
    "accuracy": 0.8200604838709677,
    "loss": 0.37955372179708174
}