{
    "accuracy": 0.8239037298387096,
    "loss": 0.3800787483492205
}