{
    "accuracy": 0.8209425403225806,
    "loss": 0.3788323652359747
}