{
    "accuracy": 0.8012222782258065,
    "loss": 0.417120385554529
}