{
    "accuracy": 0.8233723958333333,
    "loss": 0.3785857637723287
}