{
    "accuracy": 0.8296223958333333,
    "loss": 0.3742675185203552
}