{
    "accuracy": 0.8231770833333333,
    "loss": 0.37837175925572714
}