{
    "accuracy": 0.7925277217741935,
    "loss": 0.43036941943630097
}