{
    "accuracy": 0.7785807291666667,
    "loss": 0.44930304288864137
}