{
    "accuracy": 0.7811848958333333,
    "loss": 0.4463390032450358
}