{
    "accuracy": 0.8034505208333333,
    "loss": 0.4280397415161133
}