{
    "accuracy": 0.8018880208333333,
    "loss": 0.42916810512542725
}