{
    "accuracy": 0.8016276041666667,
    "loss": 0.4290411949157715
}