{
    "accuracy": 0.93409375,
    "loss": 0.1617117039859295
}