{
    "accuracy": 0.9339375,
    "loss": 0.16196253587305545
}