{
    "accuracy": 0.8641875,
    "loss": 0.3181442822813988
}