{
    "accuracy": 0.8629375,
    "loss": 0.3186521182060242
}