{
    "accuracy": 0.8636875,
    "loss": 0.3180357760190964
}