{
    "accuracy": 0.7813151041666667,
    "loss": 0.44725417296091713
}