{
    "accuracy": 0.7828125,
    "loss": 0.44984183510144554
}