{
    "accuracy": 0.8336875,
    "loss": 0.3628647916316986
}