{
    "accuracy": 0.83475,
    "loss": 0.3626465849876404
}