{
    "accuracy": 0.7930947580645161,
    "loss": 0.4309768695985117
}