{
    "accuracy": 0.8158392137096774,
    "loss": 0.39224738555569805
}