{
    "accuracy": 0.7878024193548387,
    "loss": 0.4373847347113394
}