{
    "accuracy": 0.79296875,
    "loss": 0.43081085768438154
}