{
    "accuracy": 0.7951738911290323,
    "loss": 0.42145619277031193
}