{
    "accuracy": 0.8012852822580645,
    "loss": 0.4178636516294172
}