{
    "accuracy": 0.7973160282258065,
    "loss": 0.424928117182947
}