{
    "accuracy": 0.7963079637096774,
    "loss": 0.4313697334258787
}