{
    "accuracy": 0.93540625,
    "loss": 0.16723641735315323
}