{
    "accuracy": 0.93409375,
    "loss": 0.16422063510119916
}