{
    "accuracy": 0.92615625,
    "loss": 0.1863777421116829
}