{
    "accuracy": 0.9259375,
    "loss": 0.186501909583807
}