{
    "accuracy": 0.8395625,
    "loss": 0.3505471746921539
}