{
    "accuracy": 0.837875,
    "loss": 0.3475965311527252
}