{
    "accuracy": 0.7912109375,
    "loss": 0.46552988290786745
}