{
    "accuracy": 0.7916666666666666,
    "loss": 0.4654533465703328
}