{
    "accuracy": 0.7910807291666667,
    "loss": 0.4654870808124542
}