{
    "accuracy": 0.8274319556451613,
    "loss": 0.3741569350804052
}