{
    "accuracy": 0.8302041330645161,
    "loss": 0.3749807150133194
}