{
    "accuracy": 0.797265625,
    "loss": 0.4224225322405497
}