{
    "accuracy": 0.770703125,
    "loss": 0.47917002042134604
}