{
    "accuracy": 0.7721354166666666,
    "loss": 0.48329113324483236
}