{
    "accuracy": 0.9126875,
    "loss": 0.21444197645783425
}