{
    "accuracy": 0.911875,
    "loss": 0.21268566092848779
}