{
    "accuracy": 0.831086189516129,
    "loss": 0.371535389654098
}