{
    "accuracy": 0.8268019153225806,
    "loss": 0.37301394247239633
}