{
    "accuracy": 0.8272429435483871,
    "loss": 0.37320820362337176
}