{
    "accuracy": 0.81025,
    "loss": 0.40251923936605455
}