{
    "accuracy": 0.812125,
    "loss": 0.3992543275356293
}