{
    "accuracy": 0.83175,
    "loss": 0.3702414746284485
}