{
    "accuracy": 0.83025,
    "loss": 0.3683729640841484
}