{
    "accuracy": 0.8073125,
    "loss": 0.407820563018322
}