{
    "accuracy": 0.808375,
    "loss": 0.4087461652755737
}