{
    "accuracy": 0.9427625,
    "loss": 0.1444852232893308
}