{
    "accuracy": 0.9427125,
    "loss": 0.1443726032972336
}