{
    "accuracy": 0.9424875,
    "loss": 0.14474085948864618
}