{
    "accuracy": 0.7659505208333334,
    "loss": 0.47528812686602273
}