{
    "accuracy": 0.765625,
    "loss": 0.47518335580825805
}