{
    "accuracy": 0.82121875,
    "loss": 0.38561527073383334
}