{
    "accuracy": 0.8230625,
    "loss": 0.38606482899188993
}