{
    "accuracy": 0.82178125,
    "loss": 0.3896926782131195
}