{
    "accuracy": 0.7970010080645161,
    "loss": 0.4250310169112298
}