{
    "accuracy": 0.7990171370967742,
    "loss": 0.4168837349261007
}