{
    "accuracy": 0.8136340725806451,
    "loss": 0.400248114139803
}