{
    "accuracy": 0.7985131048387096,
    "loss": 0.4181845341959307
}