{
    "accuracy": 0.828375,
    "loss": 0.3784135513305664
}