{
    "accuracy": 0.823625,
    "loss": 0.3806175651550293
}