{
    "accuracy": 0.82375,
    "loss": 0.38063440442085267
}