{
    "accuracy": 0.906375,
    "loss": 0.2245535691678524
}