{
    "accuracy": 0.8986895161290323,
    "loss": 0.2434728342679239
}