{
    "accuracy": 0.8966733870967742,
    "loss": 0.24313689768314362
}