{
    "accuracy": 0.8979334677419355,
    "loss": 0.24236025853503135
}