{
    "accuracy": 0.92971875,
    "loss": 0.1818759507238865
}