{
    "accuracy": 0.80075,
    "loss": 0.44118887770175935
}