{
    "accuracy": 0.8008125,
    "loss": 0.44219998860359194
}