{
    "accuracy": 0.798046875,
    "loss": 0.4242365717887878
}