{
    "accuracy": 0.80275,
    "loss": 0.4135984799861908
}