{
    "accuracy": 0.7806875,
    "loss": 0.48860285234451295
}