{
    "accuracy": 0.78175,
    "loss": 0.48979530882835387
}