{
    "accuracy": 0.7601875,
    "loss": 0.4943173294067383
}