{
    "accuracy": 0.7857232862903226,
    "loss": 0.4459240090462469
}