{
    "accuracy": 0.8205625,
    "loss": 0.40066584599018096
}