{
    "accuracy": 0.935625,
    "loss": 0.15811536856368183
}