{
    "accuracy": 0.49993489583333334,
    "loss": 13.8173095703125
}