{
    "accuracy": 0.501171875,
    "loss": 13.78313045501709
}