{
    "accuracy": 0.93275,
    "loss": 0.16512611076235773
}