{
    "accuracy": 0.939546875,
    "loss": 0.15355049958080053
}