{
    "accuracy": 0.932145,
    "loss": 0.16854707500576974
}