{
    "accuracy": 0.9397500000000001,
    "loss": 0.158141827583313,
    "auc": 0.98399534581123,
    "test_bg_reject": 1940.0
}