{
    "accuracy": 0.8075625,
    "loss": 0.4054746010303497
}