{
    "accuracy": 0.93221875,
    "loss": 0.17212547606229783
}