{
    "accuracy": 0.93196875,
    "loss": 0.1721777922809124
}