{
    "accuracy": 0.933125,
    "loss": 0.166474455088377
}