{
    "accuracy": 0.93678125,
    "loss": 0.15767929607629777
}