{
    "accuracy": 0.9366875,
    "loss": 0.1576669655442238
}