{
    "accuracy": 0.8219375,
    "loss": 0.3801352257728577
}