{
    "accuracy": 0.8021484375,
    "loss": 0.4179192066192627
}