{
    "accuracy": 0.8011067708333334,
    "loss": 0.4175767838954926
}