{
    "accuracy": 0.8168125,
    "loss": 0.39296394497156145
}