{
    "accuracy": 0.81375,
    "loss": 0.39771867299079894
}