{
    "accuracy": 0.9016875,
    "loss": 0.23774228411912918
}