{
    "accuracy": 0.902125,
    "loss": 0.23928559005260466
}