{
    "accuracy": 0.93825,
    "loss": 0.15672894567251205,
    "auc": 0.9842500750675608,
    "test_bg_reject": Infinity
}