{
    "accuracy": 0.93199,
    "loss": 0.16874203397274018
}