{
    "accuracy": 0.7887474798387096,
    "loss": 0.4401441360673597
}