{
    "accuracy": 0.7891885080645161,
    "loss": 0.44025317699678485
}