{
    "accuracy": 0.810875,
    "loss": 0.40069018185138705
}