{
    "accuracy": 0.815625,
    "loss": 0.39627584487199785
}