{
    "accuracy": 0.8254375,
    "loss": 0.3863601088523865
}