{
    "accuracy": 0.8225625,
    "loss": 0.38489631152153014
}