{
    "accuracy": 0.9390000000000001,
    "loss": 0.15793078318238257,
    "auc": 0.9839880892803523,
    "test_bg_reject": Infinity
}