{
    "accuracy": 0.9324425,
    "loss": 0.16760749211072923
}