{
    "accuracy": 0.808125,
    "loss": 0.42347567772865297
}