{
    "accuracy": 0.8050625,
    "loss": 0.42699622440338136
}