{
    "accuracy": 0.93196,
    "loss": 0.1690721752345562
}