{
    "accuracy": 0.93775,
    "loss": 0.1604702040553093,
    "auc": 0.9835539485536984,
    "test_bg_reject": 1940.0
}