{
    "accuracy": 0.7895035282258065,
    "loss": 0.43388888912816204
}