{
    "accuracy": 0.7932207661290323,
    "loss": 0.43098814352866144
}