{
    "accuracy": 0.8368125,
    "loss": 0.3683684822320938
}