{
    "accuracy": 0.7975680443548387,
    "loss": 0.45179219688138655
}