{
    "accuracy": 0.7862903225806451,
    "loss": 0.46199060543890924
}