{
    "accuracy": 0.7952998991935484,
    "loss": 0.4502041887852453
}