{
    "accuracy": 0.8002604166666667,
    "loss": 0.41684924364089965
}