{
    "accuracy": 0.8129375,
    "loss": 0.3993663740158081
}