{
    "accuracy": 0.8086875,
    "loss": 0.4034847424030304
}