{
    "accuracy": 0.8055695564516129,
    "loss": 0.4268822833415001
}