{
    "accuracy": 0.8057585685483871,
    "loss": 0.42697010117192424
}