{
    "accuracy": 0.8101688508064516,
    "loss": 0.42452235616022543
}