{
    "accuracy": 0.936625,
    "loss": 0.15935272895544766
}