{
    "accuracy": 0.936859375,
    "loss": 0.15929189616441727
}