{
    "accuracy": 0.93796875,
    "loss": 0.15978689915686844
}