{
    "accuracy": 0.7983240927419355,
    "loss": 0.4462153209793952
}