{
    "accuracy": 0.7981980846774194,
    "loss": 0.44633615786029446
}