{
    "accuracy": 0.7985761088709677,
    "loss": 0.4473698869828255
}