{
    "accuracy": 0.92965625,
    "loss": 0.17504366338253022
}