{
    "accuracy": 0.9319375,
    "loss": 0.17099429102241992
}