{
    "accuracy": 0.8089087701612904,
    "loss": 0.40579860633419407
}