{
    "accuracy": 0.7968119959677419,
    "loss": 0.45739583911434295
}