{
    "accuracy": 0.7930317540322581,
    "loss": 0.4602057981875635
}