{
    "accuracy": 0.793913810483871,
    "loss": 0.45989180860980866
}