{
    "accuracy": 0.8165952620967742,
    "loss": 0.39403055367931245
}