{
    "accuracy": 0.8164692540322581,
    "loss": 0.39275147837977253
}