{
    "accuracy": 0.8194934475806451,
    "loss": 0.3930866391428055
}