{
    "accuracy": 0.8067057291666667,
    "loss": 0.42461650172869364
}