{
    "accuracy": 0.8069010416666667,
    "loss": 0.4246737996737162
}