{
    "accuracy": 0.8078125,
    "loss": 0.42370621164639793
}