{
    "accuracy": 0.7985131048387096,
    "loss": 0.4243118642799316
}