{
    "accuracy": 0.8024193548387096,
    "loss": 0.4192905680787179
}