{
    "accuracy": 0.8029863911290323,
    "loss": 0.41936507292332187
}