{
    "accuracy": 0.7904296875,
    "loss": 0.43389858802159625
}