{
    "accuracy": 0.8075226814516129,
    "loss": 0.404564848830623
}