{
    "accuracy": 0.8092867943548387,
    "loss": 0.4074543897182711
}