{
    "accuracy": 0.8048125,
    "loss": 0.4254221239089966
}