{
    "accuracy": 0.8060625,
    "loss": 0.4265750331878662
}