{
    "accuracy": 0.8058125,
    "loss": 0.4261447207927704
}