{
    "accuracy": 0.9397500000000001,
    "loss": 0.15932763516902923,
    "auc": 0.983777900110099,
    "test_bg_reject": Infinity
}