{
    "accuracy": 0.9324375,
    "loss": 0.1677528898191452
}