{
    "accuracy": 0.8014112903225806,
    "loss": 0.41226606407473165
}