{
    "accuracy": 0.49996875,
    "loss": 13.816373977661133
}