{
    "accuracy": 0.8164375,
    "loss": 0.39269617849588395
}