{
    "accuracy": 0.9333125,
    "loss": 0.164663315102458
}