{
    "accuracy": 0.93396875,
    "loss": 0.16432773692905903
}