{
    "accuracy": 0.8104208669354839,
    "loss": 0.4160366442895705
}