{
    "accuracy": 0.8113029233870968,
    "loss": 0.41503832897832316
}