{
    "accuracy": 0.8106098790322581,
    "loss": 0.4161437547975971
}