{
    "accuracy": 0.93303125,
    "loss": 0.1666763753592968
}