{
    "accuracy": 0.93353125,
    "loss": 0.16733538947999477
}