{
    "accuracy": 0.931625,
    "loss": 0.1687054156064987
}