{
    "accuracy": 0.9323125,
    "loss": 0.16809821990847587
}