{
    "accuracy": 0.932375,
    "loss": 0.16821371611714364
}