{
    "accuracy": 0.7819661458333333,
    "loss": 0.4470229228337606
}