{
    "accuracy": 0.4999375,
    "loss": 13.817237426757812
}